-- phpMyAdmin SQL Dump
-- version 4.8.4
-- https://www.phpmyadmin.net/
--
-- Host: 127.0.0.1
-- Generation Time: Apr 08, 2019 at 04:14 PM
-- Server version: 10.1.37-MariaDB
-- PHP Version: 7.2.13

SET SQL_MODE = "NO_AUTO_VALUE_ON_ZERO";
SET AUTOCOMMIT = 0;
START TRANSACTION;
SET time_zone = "+00:00";


/*!40101 SET @OLD_CHARACTER_SET_CLIENT=@@CHARACTER_SET_CLIENT */;
/*!40101 SET @OLD_CHARACTER_SET_RESULTS=@@CHARACTER_SET_RESULTS */;
/*!40101 SET @OLD_COLLATION_CONNECTION=@@COLLATION_CONNECTION */;
/*!40101 SET NAMES utf8mb4 */;

--
-- Database: `laravelwebsockets`
--

-- --------------------------------------------------------

--
-- Table structure for table `messages`
--

CREATE TABLE `messages` (
  `id` int(10) UNSIGNED NOT NULL,
  `user_id` int(10) UNSIGNED NOT NULL,
  `message` text COLLATE utf8mb4_unicode_ci NOT NULL,
  `created_at` timestamp NULL DEFAULT NULL,
  `updated_at` timestamp NULL DEFAULT NULL
) ENGINE=InnoDB DEFAULT CHARSET=utf8mb4 COLLATE=utf8mb4_unicode_ci;

--
-- Dumping data for table `messages`
--

INSERT INTO `messages` (`id`, `user_id`, `message`, `created_at`, `updated_at`) VALUES
(1, 1, 'rer', '2019-04-08 04:43:14', '2019-04-08 04:43:14'),
(2, 1, 'this is a test msg from sasho', '2019-04-08 04:50:48', '2019-04-08 04:50:48'),
(3, 1, 'jhjhv', '2019-04-08 04:55:34', '2019-04-08 04:55:34'),
(4, 1, 'jcc fyu kg end this is a speed message that ill sent to you every day from now till than', '2019-04-08 04:56:30', '2019-04-08 04:56:30'),
(5, 2, 'hgfjhgf', '2019-04-08 04:59:57', '2019-04-08 04:59:57'),
(6, 2, 'hgcjhgc', '2019-04-08 05:00:14', '2019-04-08 05:00:14'),
(7, 2, 'sasho sais', '2019-04-08 05:01:04', '2019-04-08 05:01:04'),
(8, 2, 'ljlkjlkjlkj', '2019-04-08 05:01:50', '2019-04-08 05:01:50'),
(9, 2, 'nnn', '2019-04-08 05:13:16', '2019-04-08 05:13:16'),
(10, 2, 'hi sasho', '2019-04-08 05:13:48', '2019-04-08 05:13:48'),
(11, 2, 'sasho kaza zdravei', '2019-04-08 05:14:43', '2019-04-08 05:14:43'),
(12, 2, 'ggggggggggggggg', '2019-04-08 05:18:04', '2019-04-08 05:18:04'),
(13, 2, 'wwww', '2019-04-08 05:34:37', '2019-04-08 05:34:37'),
(14, 2, 'ww', '2019-04-08 05:34:58', '2019-04-08 05:34:58'),
(15, 2, 'ddd', '2019-04-08 05:35:13', '2019-04-08 05:35:13'),
(16, 1, 'ddsdsds', '2019-04-08 05:35:42', '2019-04-08 05:35:42'),
(17, 1, 'qqqqqqq', '2019-04-08 05:36:00', '2019-04-08 05:36:00'),
(18, 1, 'ssss', '2019-04-08 05:36:06', '2019-04-08 05:36:06'),
(19, 1, '1111111111', '2019-04-08 05:36:20', '2019-04-08 05:36:20'),
(20, 1, '222222222222', '2019-04-08 05:36:30', '2019-04-08 05:36:30'),
(21, 2, 'iiii', '2019-04-08 05:44:58', '2019-04-08 05:44:58'),
(22, 2, 'lkk', '2019-04-08 05:46:08', '2019-04-08 05:46:08'),
(23, 2, 'kjkj', '2019-04-08 06:00:41', '2019-04-08 06:00:41'),
(24, 1, 'sss kava hi', '2019-04-08 06:01:49', '2019-04-08 06:01:49'),
(25, 2, 'nnn kaza hi', '2019-04-08 06:02:02', '2019-04-08 06:02:02'),
(26, 1, 'sasho 111111111111', '2019-04-08 06:02:49', '2019-04-08 06:02:49'),
(27, 2, 'nnn 222222222222', '2019-04-08 06:02:59', '2019-04-08 06:02:59'),
(28, 2, 'nnn si namaza prasta', '2019-04-08 06:44:20', '2019-04-08 06:44:20'),
(29, 1, 'sasho kakvo mu e na prasta ti', '2019-04-08 06:44:50', '2019-04-08 06:44:50'),
(30, 1, 'hi', '2019-04-08 09:53:41', '2019-04-08 09:53:41'),
(31, 2, 'hi sss whats up', '2019-04-08 09:54:06', '2019-04-08 09:54:06'),
(32, 1, 'hi nnn waiting for the working day to get finished', '2019-04-08 09:55:20', '2019-04-08 09:55:20'),
(33, 1, 'ok call me', '2019-04-08 09:55:51', '2019-04-08 09:55:51'),
(34, 2, 'ill', '2019-04-08 09:56:03', '2019-04-08 09:56:03');

-- --------------------------------------------------------

--
-- Table structure for table `migrations`
--

CREATE TABLE `migrations` (
  `id` int(10) UNSIGNED NOT NULL,
  `migration` varchar(191) COLLATE utf8mb4_unicode_ci NOT NULL,
  `batch` int(11) NOT NULL
) ENGINE=InnoDB DEFAULT CHARSET=utf8mb4 COLLATE=utf8mb4_unicode_ci;

--
-- Dumping data for table `migrations`
--

INSERT INTO `migrations` (`id`, `migration`, `batch`) VALUES
(1, '2014_10_12_000000_create_users_table', 1),
(2, '2014_10_12_100000_create_password_resets_table', 1),
(3, '2018_12_04_161947_create_websockets_statistics_entries_table', 1),
(4, '2018_12_04_192621_create_messages_table', 1);

-- --------------------------------------------------------

--
-- Table structure for table `password_resets`
--

CREATE TABLE `password_resets` (
  `email` varchar(191) COLLATE utf8mb4_unicode_ci NOT NULL,
  `token` varchar(191) COLLATE utf8mb4_unicode_ci NOT NULL,
  `created_at` timestamp NULL DEFAULT NULL
) ENGINE=InnoDB DEFAULT CHARSET=utf8mb4 COLLATE=utf8mb4_unicode_ci;

-- --------------------------------------------------------

--
-- Table structure for table `users`
--

CREATE TABLE `users` (
  `id` int(10) UNSIGNED NOT NULL,
  `name` varchar(191) COLLATE utf8mb4_unicode_ci NOT NULL,
  `email` varchar(191) COLLATE utf8mb4_unicode_ci NOT NULL,
  `email_verified_at` timestamp NULL DEFAULT NULL,
  `password` varchar(191) COLLATE utf8mb4_unicode_ci NOT NULL,
  `remember_token` varchar(100) COLLATE utf8mb4_unicode_ci DEFAULT NULL,
  `created_at` timestamp NULL DEFAULT NULL,
  `updated_at` timestamp NULL DEFAULT NULL
) ENGINE=InnoDB DEFAULT CHARSET=utf8mb4 COLLATE=utf8mb4_unicode_ci;

--
-- Dumping data for table `users`
--

INSERT INTO `users` (`id`, `name`, `email`, `email_verified_at`, `password`, `remember_token`, `created_at`, `updated_at`) VALUES
(1, 'sss', 's@s.s', NULL, '$2y$10$37haMAVwVh9TNq/7sRnyl.SxY7/Tdoqqzmg7zKfnSGz94nILWXyL6', 'abibW0rELcAL1zkh1kHxdCl6hWI0hkIWTD1AeLwJDWMBJKSPd4z0jj3FFbjU', '2019-04-08 04:43:01', '2019-04-08 04:43:01'),
(2, 'nnn', 'n@n.n', NULL, '$2y$10$6PNFkBaMJDf0qGDhm7ugMeteN55tCPMN5CauzwFHhhozVmAmyGbou', '4gsPs3hykVprABHmeQxrghNeFl4vNZiPoEqZjRkPZdAIpiYhQITODNr0omVq', '2019-04-08 04:59:47', '2019-04-08 04:59:47');

-- --------------------------------------------------------

--
-- Table structure for table `websockets_statistics_entries`
--

CREATE TABLE `websockets_statistics_entries` (
  `id` int(10) UNSIGNED NOT NULL,
  `app_id` varchar(191) COLLATE utf8mb4_unicode_ci NOT NULL,
  `peak_connection_count` int(11) NOT NULL,
  `websocket_message_count` int(11) NOT NULL,
  `api_message_count` int(11) NOT NULL,
  `created_at` timestamp NULL DEFAULT NULL,
  `updated_at` timestamp NULL DEFAULT NULL
) ENGINE=InnoDB DEFAULT CHARSET=utf8mb4 COLLATE=utf8mb4_unicode_ci;

--
-- Dumping data for table `websockets_statistics_entries`
--

INSERT INTO `websockets_statistics_entries` (`id`, `app_id`, `peak_connection_count`, `websocket_message_count`, `api_message_count`, `created_at`, `updated_at`) VALUES
(1, 'testapp', 2, 8, 0, '2019-04-08 05:58:09', '2019-04-08 05:58:09'),
(2, 'testapp', 8, 3, 1, '2019-04-08 05:59:09', '2019-04-08 05:59:09'),
(3, 'testapp', 8, 3, 1, '2019-04-08 06:00:09', '2019-04-08 06:00:09'),
(4, 'testapp', 8, 1, 2, '2019-04-08 06:01:09', '2019-04-08 06:01:09'),
(5, 'testapp', 9, 14, 3, '2019-04-08 06:02:09', '2019-04-08 06:02:09'),
(6, 'testapp', 10, 14, 3, '2019-04-08 06:03:09', '2019-04-08 06:03:09'),
(7, 'testapp', 10, 5, 1, '2019-04-08 06:04:09', '2019-04-08 06:04:09'),
(8, 'testapp', 10, 5, 1, '2019-04-08 06:05:09', '2019-04-08 06:05:09'),
(9, 'testapp', 10, 5, 1, '2019-04-08 06:06:09', '2019-04-08 06:06:09'),
(10, 'testapp', 10, 5, 1, '2019-04-08 06:07:09', '2019-04-08 06:07:09'),
(11, 'testapp', 10, 5, 1, '2019-04-08 06:08:09', '2019-04-08 06:08:09'),
(12, 'testapp', 10, 5, 1, '2019-04-08 06:09:09', '2019-04-08 06:09:09'),
(13, 'testapp', 10, 5, 1, '2019-04-08 06:10:09', '2019-04-08 06:10:09'),
(14, 'testapp', 10, 5, 1, '2019-04-08 06:11:09', '2019-04-08 06:11:09'),
(15, 'testapp', 10, 5, 1, '2019-04-08 06:12:09', '2019-04-08 06:12:09'),
(16, 'testapp', 10, 5, 1, '2019-04-08 06:13:09', '2019-04-08 06:13:09'),
(17, 'testapp', 10, 5, 1, '2019-04-08 06:14:09', '2019-04-08 06:14:09'),
(18, 'testapp', 10, 5, 1, '2019-04-08 06:15:09', '2019-04-08 06:15:09'),
(19, 'testapp', 10, 5, 1, '2019-04-08 06:16:09', '2019-04-08 06:16:09'),
(20, 'testapp', 10, 5, 1, '2019-04-08 06:17:09', '2019-04-08 06:17:09'),
(21, 'testapp', 10, 5, 1, '2019-04-08 06:18:09', '2019-04-08 06:18:09'),
(22, 'testapp', 10, 5, 1, '2019-04-08 06:19:09', '2019-04-08 06:19:09'),
(23, 'testapp', 10, 5, 1, '2019-04-08 06:20:09', '2019-04-08 06:20:09'),
(24, 'testapp', 10, 5, 1, '2019-04-08 06:21:09', '2019-04-08 06:21:09'),
(25, 'testapp', 10, 5, 1, '2019-04-08 06:22:09', '2019-04-08 06:22:09'),
(26, 'testapp', 10, 5, 1, '2019-04-08 06:23:09', '2019-04-08 06:23:09'),
(27, 'testapp', 10, 5, 1, '2019-04-08 06:24:09', '2019-04-08 06:24:09'),
(28, 'testapp', 10, 5, 1, '2019-04-08 06:25:09', '2019-04-08 06:25:09'),
(29, 'testapp', 10, 5, 1, '2019-04-08 06:26:09', '2019-04-08 06:26:09'),
(30, 'testapp', 10, 5, 1, '2019-04-08 06:27:09', '2019-04-08 06:27:09'),
(31, 'testapp', 10, 5, 1, '2019-04-08 06:28:09', '2019-04-08 06:28:09'),
(32, 'testapp', 10, 5, 1, '2019-04-08 06:29:09', '2019-04-08 06:29:09'),
(33, 'testapp', 10, 5, 1, '2019-04-08 06:30:09', '2019-04-08 06:30:09'),
(34, 'testapp', 10, 5, 1, '2019-04-08 06:31:09', '2019-04-08 06:31:09'),
(35, 'testapp', 10, 5, 1, '2019-04-08 06:32:09', '2019-04-08 06:32:09'),
(36, 'testapp', 10, 5, 1, '2019-04-08 06:33:09', '2019-04-08 06:33:09'),
(37, 'testapp', 10, 5, 1, '2019-04-08 06:34:09', '2019-04-08 06:34:09'),
(38, 'testapp', 10, 5, 1, '2019-04-08 06:35:09', '2019-04-08 06:35:09'),
(39, 'testapp', 10, 5, 1, '2019-04-08 06:36:09', '2019-04-08 06:36:09'),
(40, 'testapp', 10, 5, 1, '2019-04-08 06:37:09', '2019-04-08 06:37:09'),
(41, 'testapp', 10, 5, 1, '2019-04-08 06:38:09', '2019-04-08 06:38:09'),
(42, 'testapp', 10, 5, 1, '2019-04-08 06:39:09', '2019-04-08 06:39:09'),
(43, 'testapp', 10, 5, 1, '2019-04-08 06:40:09', '2019-04-08 06:40:09'),
(44, 'testapp', 10, 5, 1, '2019-04-08 06:41:09', '2019-04-08 06:41:09'),
(45, 'testapp', 10, 5, 1, '2019-04-08 06:42:09', '2019-04-08 06:42:09'),
(46, 'testapp', 10, 5, 1, '2019-04-08 06:43:09', '2019-04-08 06:43:09'),
(47, 'testapp', 10, 7, 1, '2019-04-08 06:44:09', '2019-04-08 06:44:09'),
(48, 'testapp', 10, 50, 3, '2019-04-08 06:45:09', '2019-04-08 06:45:09'),
(49, 'testapp', 10, 5, 1, '2019-04-08 06:46:09', '2019-04-08 06:46:09'),
(50, 'testapp', 10, 5, 1, '2019-04-08 06:47:09', '2019-04-08 06:47:09'),
(51, 'testapp', 10, 6, 1, '2019-04-08 06:48:09', '2019-04-08 06:48:09'),
(52, 'testapp', 10, 5, 1, '2019-04-08 06:49:09', '2019-04-08 06:49:09'),
(53, 'testapp', 10, 5, 1, '2019-04-08 06:50:09', '2019-04-08 06:50:09'),
(54, 'testapp', 10, 5, 1, '2019-04-08 06:51:09', '2019-04-08 06:51:09'),
(55, 'testapp', 10, 5, 1, '2019-04-08 06:52:09', '2019-04-08 06:52:09'),
(56, 'testapp', 10, 5, 1, '2019-04-08 06:53:09', '2019-04-08 06:53:09'),
(57, 'testapp', 10, 5, 1, '2019-04-08 06:54:09', '2019-04-08 06:54:09'),
(58, 'testapp', 10, 5, 1, '2019-04-08 06:55:09', '2019-04-08 06:55:09'),
(59, 'testapp', 10, 3, 1, '2019-04-08 06:56:09', '2019-04-08 06:56:09'),
(60, 'testapp', 10, 5, 1, '2019-04-08 06:57:09', '2019-04-08 06:57:09'),
(61, 'testapp', 10, 5, 1, '2019-04-08 06:58:09', '2019-04-08 06:58:09'),
(62, 'testapp', 10, 5, 1, '2019-04-08 06:59:10', '2019-04-08 06:59:10'),
(63, 'testapp', 10, 6, 1, '2019-04-08 07:00:09', '2019-04-08 07:00:09'),
(64, 'testapp', 10, 5, 1, '2019-04-08 07:01:09', '2019-04-08 07:01:09'),
(65, 'testapp', 10, 5, 1, '2019-04-08 07:02:09', '2019-04-08 07:02:09'),
(66, 'testapp', 10, 5, 1, '2019-04-08 07:03:09', '2019-04-08 07:03:09'),
(67, 'testapp', 10, 5, 1, '2019-04-08 07:04:09', '2019-04-08 07:04:09'),
(68, 'testapp', 10, 5, 1, '2019-04-08 07:05:09', '2019-04-08 07:05:09'),
(69, 'testapp', 10, 5, 1, '2019-04-08 07:06:09', '2019-04-08 07:06:09'),
(70, 'testapp', 10, 5, 1, '2019-04-08 07:07:09', '2019-04-08 07:07:09'),
(71, 'testapp', 10, 5, 1, '2019-04-08 07:08:09', '2019-04-08 07:08:09'),
(72, 'testapp', 10, 5, 1, '2019-04-08 07:09:09', '2019-04-08 07:09:09'),
(73, 'testapp', 10, 5, 1, '2019-04-08 07:10:09', '2019-04-08 07:10:09'),
(74, 'testapp', 10, 4, 1, '2019-04-08 07:11:09', '2019-04-08 07:11:09'),
(75, 'testapp', 10, 4, 1, '2019-04-08 07:12:09', '2019-04-08 07:12:09'),
(76, 'testapp', 10, 5, 1, '2019-04-08 07:13:09', '2019-04-08 07:13:09'),
(77, 'testapp', 10, 5, 1, '2019-04-08 07:14:09', '2019-04-08 07:14:09'),
(78, 'testapp', 10, 6, 1, '2019-04-08 07:15:09', '2019-04-08 07:15:09'),
(79, 'testapp', 10, 5, 1, '2019-04-08 07:16:09', '2019-04-08 07:16:09'),
(80, 'testapp', 10, 5, 1, '2019-04-08 07:17:09', '2019-04-08 07:17:09'),
(81, 'testapp', 10, 5, 1, '2019-04-08 07:18:09', '2019-04-08 07:18:09'),
(82, 'testapp', 10, 5, 1, '2019-04-08 07:19:09', '2019-04-08 07:19:09'),
(83, 'testapp', 10, 5, 1, '2019-04-08 07:20:09', '2019-04-08 07:20:09'),
(84, 'testapp', 10, 5, 1, '2019-04-08 07:21:09', '2019-04-08 07:21:09'),
(85, 'testapp', 10, 5, 1, '2019-04-08 07:22:09', '2019-04-08 07:22:09'),
(86, 'testapp', 10, 5, 1, '2019-04-08 07:23:09', '2019-04-08 07:23:09'),
(87, 'testapp', 10, 5, 1, '2019-04-08 07:24:09', '2019-04-08 07:24:09'),
(88, 'testapp', 10, 5, 1, '2019-04-08 07:25:09', '2019-04-08 07:25:09'),
(89, 'testapp', 10, 5, 1, '2019-04-08 07:26:09', '2019-04-08 07:26:09'),
(90, 'testapp', 10, 4, 1, '2019-04-08 07:27:09', '2019-04-08 07:27:09'),
(91, 'testapp', 10, 5, 1, '2019-04-08 07:28:09', '2019-04-08 07:28:09'),
(92, 'testapp', 10, 4, 1, '2019-04-08 07:29:09', '2019-04-08 07:29:09'),
(93, 'testapp', 10, 5, 1, '2019-04-08 07:30:09', '2019-04-08 07:30:09'),
(94, 'testapp', 10, 5, 1, '2019-04-08 07:31:09', '2019-04-08 07:31:09'),
(95, 'testapp', 10, 5, 2, '2019-04-08 07:32:09', '2019-04-08 07:32:09'),
(96, 'testapp', 10, 5, 2, '2019-04-08 07:33:09', '2019-04-08 07:33:09'),
(97, 'testapp', 10, 5, 1, '2019-04-08 07:34:09', '2019-04-08 07:34:09'),
(98, 'testapp', 10, 5, 1, '2019-04-08 07:35:09', '2019-04-08 07:35:09'),
(99, 'testapp', 10, 5, 1, '2019-04-08 07:36:09', '2019-04-08 07:36:09'),
(100, 'testapp', 10, 5, 1, '2019-04-08 07:37:09', '2019-04-08 07:37:09'),
(101, 'testapp', 10, 5, 1, '2019-04-08 07:38:09', '2019-04-08 07:38:09'),
(102, 'testapp', 10, 5, 1, '2019-04-08 07:39:09', '2019-04-08 07:39:09'),
(103, 'testapp', 10, 6, 1, '2019-04-08 07:40:09', '2019-04-08 07:40:09'),
(104, 'testapp', 10, 5, 1, '2019-04-08 07:41:09', '2019-04-08 07:41:09'),
(105, 'testapp', 10, 5, 1, '2019-04-08 07:42:09', '2019-04-08 07:42:09'),
(106, 'testapp', 10, 5, 1, '2019-04-08 07:43:09', '2019-04-08 07:43:09'),
(107, 'testapp', 10, 5, 1, '2019-04-08 07:44:09', '2019-04-08 07:44:09'),
(108, 'testapp', 10, 5, 1, '2019-04-08 07:45:09', '2019-04-08 07:45:09'),
(109, 'testapp', 10, 4, 1, '2019-04-08 07:46:09', '2019-04-08 07:46:09'),
(110, 'testapp', 10, 5, 1, '2019-04-08 07:47:09', '2019-04-08 07:47:09'),
(111, 'testapp', 10, 5, 1, '2019-04-08 07:48:09', '2019-04-08 07:48:09'),
(112, 'testapp', 10, 5, 1, '2019-04-08 07:49:09', '2019-04-08 07:49:09'),
(113, 'testapp', 10, 5, 1, '2019-04-08 07:50:09', '2019-04-08 07:50:09'),
(114, 'testapp', 10, 5, 1, '2019-04-08 07:51:09', '2019-04-08 07:51:09'),
(115, 'testapp', 10, 5, 1, '2019-04-08 07:52:09', '2019-04-08 07:52:09'),
(116, 'testapp', 10, 5, 1, '2019-04-08 07:53:09', '2019-04-08 07:53:09'),
(117, 'testapp', 10, 5, 1, '2019-04-08 07:54:09', '2019-04-08 07:54:09'),
(118, 'testapp', 10, 5, 1, '2019-04-08 07:55:09', '2019-04-08 07:55:09'),
(119, 'testapp', 10, 5, 1, '2019-04-08 07:56:09', '2019-04-08 07:56:09'),
(120, 'testapp', 10, 5, 1, '2019-04-08 07:57:09', '2019-04-08 07:57:09'),
(121, 'testapp', 10, 5, 1, '2019-04-08 07:58:09', '2019-04-08 07:58:09'),
(122, 'testapp', 10, 5, 1, '2019-04-08 07:59:09', '2019-04-08 07:59:09'),
(123, 'testapp', 10, 5, 1, '2019-04-08 08:00:09', '2019-04-08 08:00:09'),
(124, 'testapp', 10, 5, 1, '2019-04-08 08:01:09', '2019-04-08 08:01:09'),
(125, 'testapp', 10, 5, 1, '2019-04-08 08:02:09', '2019-04-08 08:02:09'),
(126, 'testapp', 10, 4, 1, '2019-04-08 08:03:09', '2019-04-08 08:03:09'),
(127, 'testapp', 10, 5, 1, '2019-04-08 08:04:09', '2019-04-08 08:04:09'),
(128, 'testapp', 10, 5, 1, '2019-04-08 08:05:09', '2019-04-08 08:05:09'),
(129, 'testapp', 10, 5, 1, '2019-04-08 08:06:09', '2019-04-08 08:06:09'),
(130, 'testapp', 10, 5, 1, '2019-04-08 08:07:09', '2019-04-08 08:07:09'),
(131, 'testapp', 10, 5, 1, '2019-04-08 08:08:09', '2019-04-08 08:08:09'),
(132, 'testapp', 10, 5, 1, '2019-04-08 08:09:09', '2019-04-08 08:09:09'),
(133, 'testapp', 10, 5, 1, '2019-04-08 08:10:09', '2019-04-08 08:10:09'),
(134, 'testapp', 10, 5, 1, '2019-04-08 08:11:09', '2019-04-08 08:11:09'),
(135, 'testapp', 10, 5, 1, '2019-04-08 08:12:09', '2019-04-08 08:12:09'),
(136, 'testapp', 10, 5, 1, '2019-04-08 08:13:09', '2019-04-08 08:13:09'),
(137, 'testapp', 10, 5, 1, '2019-04-08 08:14:09', '2019-04-08 08:14:09'),
(138, 'testapp', 10, 5, 1, '2019-04-08 08:15:09', '2019-04-08 08:15:09'),
(139, 'testapp', 10, 5, 1, '2019-04-08 08:16:09', '2019-04-08 08:16:09'),
(140, 'testapp', 10, 5, 1, '2019-04-08 08:17:09', '2019-04-08 08:17:09'),
(141, 'testapp', 10, 5, 1, '2019-04-08 08:18:09', '2019-04-08 08:18:09'),
(142, 'testapp', 10, 5, 1, '2019-04-08 08:19:09', '2019-04-08 08:19:09'),
(143, 'testapp', 10, 4, 1, '2019-04-08 08:20:09', '2019-04-08 08:20:09'),
(144, 'testapp', 10, 5, 1, '2019-04-08 08:21:09', '2019-04-08 08:21:09'),
(145, 'testapp', 10, 5, 1, '2019-04-08 08:22:09', '2019-04-08 08:22:09'),
(146, 'testapp', 10, 5, 1, '2019-04-08 08:23:09', '2019-04-08 08:23:09'),
(147, 'testapp', 10, 5, 1, '2019-04-08 08:24:09', '2019-04-08 08:24:09'),
(148, 'testapp', 10, 5, 1, '2019-04-08 08:25:09', '2019-04-08 08:25:09'),
(149, 'testapp', 10, 5, 1, '2019-04-08 08:26:09', '2019-04-08 08:26:09'),
(150, 'testapp', 10, 5, 1, '2019-04-08 08:27:09', '2019-04-08 08:27:09'),
(151, 'testapp', 10, 5, 1, '2019-04-08 08:28:09', '2019-04-08 08:28:09'),
(152, 'testapp', 10, 5, 1, '2019-04-08 08:29:09', '2019-04-08 08:29:09'),
(153, 'testapp', 4, 20, 1, '2019-04-08 09:53:53', '2019-04-08 09:53:53'),
(154, 'testapp', 18, 33, 2, '2019-04-08 09:54:53', '2019-04-08 09:54:53'),
(155, 'testapp', 18, 69, 3, '2019-04-08 09:55:53', '2019-04-08 09:55:53'),
(156, 'testapp', 18, 8, 2, '2019-04-08 09:56:53', '2019-04-08 09:56:53'),
(157, 'testapp', 18, 6, 1, '2019-04-08 09:57:53', '2019-04-08 09:57:53'),
(158, 'testapp', 18, 6, 1, '2019-04-08 09:58:53', '2019-04-08 09:58:53'),
(159, 'testapp', 18, 6, 1, '2019-04-08 09:59:53', '2019-04-08 09:59:53'),
(160, 'testapp', 18, 6, 1, '2019-04-08 10:00:53', '2019-04-08 10:00:53'),
(161, 'testapp', 18, 6, 1, '2019-04-08 10:01:53', '2019-04-08 10:01:53'),
(162, 'testapp', 18, 6, 1, '2019-04-08 10:02:53', '2019-04-08 10:02:53'),
(163, 'testapp', 18, 6, 1, '2019-04-08 10:03:53', '2019-04-08 10:03:53'),
(164, 'testapp', 18, 6, 1, '2019-04-08 10:04:53', '2019-04-08 10:04:53'),
(165, 'testapp', 18, 6, 1, '2019-04-08 10:05:53', '2019-04-08 10:05:53'),
(166, 'testapp', 18, 6, 1, '2019-04-08 10:06:53', '2019-04-08 10:06:53'),
(167, 'testapp', 18, 6, 1, '2019-04-08 10:07:53', '2019-04-08 10:07:53'),
(168, 'testapp', 18, 6, 1, '2019-04-08 10:08:53', '2019-04-08 10:08:53'),
(169, 'testapp', 18, 6, 1, '2019-04-08 10:09:53', '2019-04-08 10:09:53'),
(170, 'testapp', 18, 6, 1, '2019-04-08 10:10:53', '2019-04-08 10:10:53'),
(171, 'testapp', 18, 6, 1, '2019-04-08 10:11:53', '2019-04-08 10:11:53'),
(172, 'testapp', 18, 6, 1, '2019-04-08 10:12:53', '2019-04-08 10:12:53'),
(173, 'testapp', 18, 6, 1, '2019-04-08 10:13:53', '2019-04-08 10:13:53');

--
-- Indexes for dumped tables
--

--
-- Indexes for table `messages`
--
ALTER TABLE `messages`
  ADD PRIMARY KEY (`id`);

--
-- Indexes for table `migrations`
--
ALTER TABLE `migrations`
  ADD PRIMARY KEY (`id`);

--
-- Indexes for table `password_resets`
--
ALTER TABLE `password_resets`
  ADD KEY `password_resets_email_index` (`email`);

--
-- Indexes for table `users`
--
ALTER TABLE `users`
  ADD PRIMARY KEY (`id`),
  ADD UNIQUE KEY `users_email_unique` (`email`);

--
-- Indexes for table `websockets_statistics_entries`
--
ALTER TABLE `websockets_statistics_entries`
  ADD PRIMARY KEY (`id`);

--
-- AUTO_INCREMENT for dumped tables
--

--
-- AUTO_INCREMENT for table `messages`
--
ALTER TABLE `messages`
  MODIFY `id` int(10) UNSIGNED NOT NULL AUTO_INCREMENT, AUTO_INCREMENT=35;

--
-- AUTO_INCREMENT for table `migrations`
--
ALTER TABLE `migrations`
  MODIFY `id` int(10) UNSIGNED NOT NULL AUTO_INCREMENT, AUTO_INCREMENT=5;

--
-- AUTO_INCREMENT for table `users`
--
ALTER TABLE `users`
  MODIFY `id` int(10) UNSIGNED NOT NULL AUTO_INCREMENT, AUTO_INCREMENT=3;

--
-- AUTO_INCREMENT for table `websockets_statistics_entries`
--
ALTER TABLE `websockets_statistics_entries`
  MODIFY `id` int(10) UNSIGNED NOT NULL AUTO_INCREMENT, AUTO_INCREMENT=174;
COMMIT;

/*!40101 SET CHARACTER_SET_CLIENT=@OLD_CHARACTER_SET_CLIENT */;
/*!40101 SET CHARACTER_SET_RESULTS=@OLD_CHARACTER_SET_RESULTS */;
/*!40101 SET COLLATION_CONNECTION=@OLD_COLLATION_CONNECTION */;
